keyword,search_volume,cpc,competition
forward deployed engineers,1000,1.51,LOW
ai grant singapore,210,1.97,HIGH
ai agency singapore,70,5.85,MEDIUM
ai consulting singapore,40,4.54,MEDIUM
ai consultant singapore,40,4.54,MEDIUM
whatsapp business api singapore,40,0,LOW
ai automation agency singapore,30,5.26,MEDIUM
ai agents singapore,30,8.13,MEDIUM
lead generation agency singapore,30,30.11,HIGH
b2b lead generation singapore,20,20.02,MEDIUM
forward deployed engineering team,10,0,LOW
forward deployed ai,10,0,LOW
ai solutions singapore,10,10.96,MEDIUM
lead generation services singapore,10,0,MEDIUM
marketing automation agency singapore,10,0,LOW
whatsapp marketing singapore,10,0,LOW
ai receptionist singapore,10,13.78,MEDIUM
chatbot development singapore,10,0,
ai deployment company singapore,0,0,
deploy ai agents singapore,0,0,
on premise ai deployment singapore,0,0,
ai deployment services singapore,0,0,
ai agent development singapore,0,0,
ai agent developer singapore,0,0,
ai solutions for sme singapore,0,0,
ai implementation partner singapore,0,0,
ai integration services singapore,0,0,
custom ai development singapore,0,0,
automation agency singapore,0,0,
ai lead generation singapore,0,0,
ai sdr singapore,0,0,
sales automation singapore,0,0,
cold email agency singapore,0,0,
cold outreach services singapore,0,0,
lead qualification automation singapore,0,0,
ai appointment setting singapore,0,0,
appointment setting services singapore,0,0,
crm automation singapore,0,0,
outbound automation singapore,0,0,
lead enrichment services singapore,0,0,
ai marketing agency singapore,0,0,
whatsapp automation singapore,0,0,
whatsapp chatbot singapore,0,0,
ai voice agent singapore,0,0,
ai phone answering singapore,0,0,
ai call answering service singapore,0,0,
voice ai singapore,0,0,
instagram dm automation singapore,0,0,
instagram automation singapore,0,0,
gohighlevel agency singapore,0,0,
gohighlevel expert singapore,0,0,
n8n developer singapore,0,0,
zapier expert singapore,0,0,
psg grant ai,0,0,
edg grant automation,0,0,
imda pre approved ai solutions,0,0,
sme go digital ai,0,0,
psg grant chatbot,0,0,
enterprise development grant ai,0,0,
ai for real estate agents singapore,0,0,
ai for property agents singapore,0,0,
ai for clinics singapore,0,0,
ai receptionist for clinics singapore,0,0,
ai for recruitment agencies singapore,0,0,
ai for f&b singapore,0,0,
ai for restaurants singapore,0,0,
ai for insurance agents singapore,0,0,
ai for financial advisors singapore,0,0,
ai for law firms singapore,0,0,
ai for accounting firms singapore,0,0,
